{"stats":{"minecraft:picked_up":{"minecraft:porkchop":2},"minecraft:custom":{"minecraft:jump":45,"minecraft:time_since_rest":4173,"minecraft:damage_dealt":100,"minecraft:leave_game":1,"minecraft:sprint_one_cm":4506,"minecraft:play_time":4173,"minecraft:damage_taken":80,"minecraft:time_since_death":4173,"minecraft:walk_one_cm":3490,"minecraft:total_world_time":4173,"minecraft:mob_kills":1,"minecraft:fall_one_cm":2121,"minecraft:fly_one_cm":9663},"minecraft:killed":{"minecraft:pig":1}},"DataVersion":3465}